{"loss": 0.08176670968532562, "abundance_chl_loss": 0.017717372626066208, "abundance_coc_loss": 0.02026260457932949, "abundance_cya_loss": 0.011747557669878006, "abundance_dia_loss": 0.03203917294740677, "abundance_chl_ME": -0.017166530713438988, "abundance_chl_MAE": 0.017717372626066208, "abundance_chl_RMSE": 0.05911273881793022, "abundance_chl_R2": -0.09250855445861816, "abundance_coc_ME": -0.019847240298986435, "abundance_coc_MAE": 0.02026260457932949, "abundance_coc_RMSE": 0.05465869978070259, "abundance_coc_R2": -0.15752530097961426, "abundance_cya_ME": -0.00689071137458086, "abundance_cya_MAE": 0.011747557669878006, "abundance_cya_RMSE": 0.026058923453092575, "abundance_cya_R2": 0.2201136350631714, "abundance_dia_ME": -0.007184628397226334, "abundance_dia_MAE": 0.03203917294740677, "abundance_dia_RMSE": 0.07024933397769928, "abundance_dia_R2": 0.761252224445343}