{"loss": 0.0, "chl_ME": -0.004091107752174139, "chl_MAE": 0.011060308665037155, "chl_RMSE": 0.03763539344072342, "chl_R2": 0.5571495294570923, "coc_ME": -0.005052562337368727, "coc_MAE": 0.01889447681605816, "coc_RMSE": 0.048537515103816986, "coc_R2": 0.0872144103050232, "cya_ME": -0.006786962505429983, "cya_MAE": 0.010478387586772442, "cya_RMSE": 0.02339073270559311, "cya_R2": 0.3716408610343933, "dia_ME": 0.0007028003456071019, "dia_MAE": 0.02854817733168602, "dia_RMSE": 0.06409723311662674, "dia_R2": 0.8012378215789795}
