{"loss": 0.0, "chl_ME": -0.007200568448752165, "chl_MAE": 0.01255117729306221, "chl_RMSE": 0.04049927741289139, "chl_R2": 0.4871870279312134, "coc_ME": -0.005380295217037201, "coc_MAE": 0.0202478114515543, "coc_RMSE": 0.05250930413603783, "coc_R2": -0.06828296184539795, "cya_ME": -0.006227736361324787, "cya_MAE": 0.010343278758227825, "cya_RMSE": 0.02342643216252327, "cya_R2": 0.3697212338447571, "dia_ME": -0.004160639364272356, "dia_MAE": 0.028773922473192215, "dia_RMSE": 0.07139697670936584, "dia_R2": 0.7533879280090332}