{"loss": 1.1079221963882446, "product_chl_ME": -0.009722914546728134, "product_chl_MAE": 0.019063865765929222, "product_chl_RMSE": 0.055690277367830276, "product_chl_R2": 0.030335605144500732, "product_coc_ME": 0.031359992921352386, "product_coc_MAE": 0.0459294430911541, "product_coc_RMSE": 0.06320653855800629, "product_coc_R2": -0.5478752851486206, "product_cya_ME": -0.006405933760106564, "product_cya_MAE": 0.012088855728507042, "product_cya_RMSE": 0.024327000603079796, "product_cya_R2": 0.3203340768814087, "product_dia_ME": -0.006825654301792383, "product_dia_MAE": 0.06372673809528351, "product_dia_RMSE": 0.11470244824886322, "product_dia_R2": 0.36349719762802124, "presence_chl_loss": 0.2959563732147217, "abundance_chl_loss": 0.019457511603832245, "presence_coc_loss": 0.4464193880558014, "abundance_coc_loss": 0.03789258375763893, "presence_cya_loss": 0.18435899913311005, "abundance_cya_loss": 0.011352669447660446, "presence_dia_loss": 0.04901094362139702, "abundance_dia_loss": 0.06347370892763138, "presence_chl_AUC": 0.888938307762146, "presence_coc_AUC": 0.5, "presence_cya_AUC": 0.9432648420333862, "presence_dia_AUC": 0.5}