{"loss": [0.9677013754844666, 0.3206605315208435, 0.07116375118494034, 0.29795557260513306, 0.020481791347265244, 0.1654021292924881, 0.01664874330163002, 0.04779726266860962, 0.02759193256497383], "chl_ME": 0.03751835227012634, "chl_MAE": 0.05106455087661743, "chl_RMSE": 7.527098178863525, "chl_R2": -17713.048828125, "coc_ME": -0.002122152131050825, "coc_MAE": 0.017071671783924103, "coc_RMSE": 0.04446857050061226, "coc_R2": 0.23384225368499756, "cya_ME": -0.004164166282862425, "cya_MAE": 0.009946457110345364, "cya_RMSE": 0.02154802531003952, "cya_R2": 0.466746985912323, "dia_ME": -0.0034293392673134804, "dia_MAE": 0.0274476557970047, "dia_RMSE": 0.0646771639585495, "dia_R2": 0.797624945640564}