{"loss": 2.213247299194336, "abundance_chl_loss": 0.01103486679494381, "abundance_coc_loss": 0.017220892012119293, "abundance_cya_loss": 0.009940016083419323, "abundance_dia_loss": 0.02585667558014393, "abundance_chl_ME": -0.004069080576300621, "abundance_chl_MAE": 0.01103486679494381, "abundance_chl_RMSE": 0.04367745295166969, "abundance_chl_R2": 0.4035455584526062, "abundance_coc_ME": -0.00375813408754766, "abundance_coc_MAE": 0.017220892012119293, "abundance_coc_RMSE": 0.04583556950092316, "abundance_coc_R2": 0.18601351976394653, "abundance_cya_ME": -0.005197771824896336, "abundance_cya_MAE": 0.009940016083419323, "abundance_cya_RMSE": 0.021895380690693855, "abundance_cya_R2": 0.44941627979278564, "abundance_dia_ME": -0.002381669357419014, "abundance_dia_MAE": 0.02585667558014393, "abundance_dia_RMSE": 0.060703013092279434, "abundance_dia_R2": 0.8217311501502991}