{"loss": [1.0176621675491333, 0.37006112933158875, 0.017859574407339096, 0.3052387833595276, 0.021887894719839096, 0.21629297733306885, 0.017190558835864067, 0.038716454058885574, 0.030414441600441933], "chl_ME": -0.0036346488632261753, "chl_MAE": 0.011669816449284554, "chl_RMSE": 0.03938813507556915, "chl_R2": 0.5149421095848083, "coc_ME": -0.00960206612944603, "coc_MAE": 0.01795065961778164, "coc_RMSE": 0.0496019683778286, "coc_R2": 0.046743690967559814, "cya_ME": -0.0037775072269141674, "cya_MAE": 0.010499825701117516, "cya_RMSE": 0.02172577753663063, "cya_R2": 0.4579129219055176, "dia_ME": 0.0015715229092165828, "dia_MAE": 0.030263051390647888, "dia_RMSE": 0.06487922370433807, "dia_R2": 0.7963585257530212}