{"loss": 0.0, "chl_ME": -0.006725076586008072, "chl_MAE": 0.012998766265809536, "chl_RMSE": 0.042047169059515, "chl_R2": 0.4472382664680481, "coc_ME": -0.0015552022960036993, "coc_MAE": 0.02068520523607731, "coc_RMSE": 0.05184134095907211, "coc_R2": -0.04127693176269531, "cya_ME": -0.0008301889756694436, "cya_MAE": 0.010675249621272087, "cya_RMSE": 0.021819526329636574, "cya_R2": 0.45322203636169434, "dia_ME": -0.0076134540140628815, "dia_MAE": 0.029104361310601234, "dia_RMSE": 0.06757413595914841, "dia_R2": 0.7790898680686951}