{"loss": [0.952687680721283, 0.3237902522087097, 0.018607335165143013, 0.3208329677581787, 0.023208919912576675, 0.1701168268918991, 0.01734285056591034, 0.045569729059934616, 0.03321878984570503], "chl_ME": -0.0037630009464919567, "chl_MAE": 0.012148983776569366, "chl_RMSE": 0.14167870581150055, "chl_R2": -5.275839328765869, "coc_ME": -0.0021561908069998026, "coc_MAE": 0.01934683509171009, "coc_RMSE": 0.13357272744178772, "coc_R2": -5.9126973152160645, "cya_ME": -0.0045663402415812016, "cya_MAE": 0.010371219366788864, "cya_RMSE": 0.022227143868803978, "cya_R2": 0.4326047897338867, "dia_ME": -0.0027498239651322365, "dia_MAE": 0.033058010041713715, "dia_RMSE": 0.8271607160568237, "dia_R2": -32.10051727294922}